St. Anthony's School;10;school;School;King Ming Mansion, Pok Fu Lam Rd, Sai Ying Pun;22.285063, 114.137188
St. Louis School;32;school;Middle School;179 Third St, Sai Ying Pun;22.285938, 114.138188
Saint Stephen's Church College;9;school;Middle School;62 Pok Fu Lam Rd, Sai Wan;22.285188, 114.138188
Montessori School of Hong Kong;0;school;Kindergarten;37 Pok Fu Lam Rd, Sai Wan;22.285188, 114.138813
St. Paul's College;49;school;School;67-69 Bonham Rd, Shek Tong Tsui;22.284688, 114.138813
Li Sing Primary School;11;school;Primary School;119 High St, Sai Wan;22.285313, 114.139812
HKU SPACE - Headquarters;4;school;University;90號, T.T. Tsui Building, 字樓304室, 3 Bonham Rd, Lung Fu Shan;22.283938, 114.139438
Department of Architecture, The University of Hong Kong;0;school;University Department;Lung Fu Shan, 鈕魯詩樓;22.283312, 114.138438
HKU Admission Office;1;school;School Center;The University of Hong Kong Main Building, G14 Ground Floor Main Building Pokfulam, Pok Fu Lam Rd, Lung Fu Shan;22.284062, 114.137937
Rhenish Mission School Kindergarten Section;3;school;Kindergarten;86A Bonham Rd, Sai Wan;22.283688, 114.140813
Kau Yan Primary School;4;school;School;97A High St, Sai Ying Pun;22.285313, 114.140937
St.Anthony's Anglo-Chinese Primary School & Kindergarten;1;school;Kindergarten;79-85 Hill Rd, Sai Wan;22.284438, 114.136438
Graduate School, The University of Hong Kong;0;school;Graduate School;Graduate House, University Dr,, University Dr, Lung Fu Shan;22.281938, 114.137437
Chiu Sheung School Hong Kong;11;school;Primary School;Sai Wan, 薄扶林道79B號;22.283813, 114.135813
Ying Wa Girls' School;23;school;Girls' High School;76 Robinson Rd, Mid-level;22.282562, 114.147188
Saint Clare's Primary School;13;school;Primary School;3-6 Prospect Pl;22.283563, 114.140437
San Wui Commercial Society School;19;school;School;Tai Ping Shan, 居賢坊1;22.284062, 114.148938
Kau Yan School;28;school;Educational Institution;97B High Street, Sai Ying Pun;22.285438, 114.141062
King's College;75;school;Boys' High School;Sai Wan, Bonham Rd, 63A號;22.284438, 114.140437
S.K.H. St. Peter's Primary School;9;school;Primary School;88 Hill Rd, Shek Tong Tsui;22.284187, 114.135687
Evangelical Lutheran Church - Hong Kong, Ling On Nursery School;0;school;School;Ham Tin, Kai Tin Rd, 71號號 六 樓 Lam Tin Estate Welfare Building (west);22.285813, 114.140813
Saint Charles School;10;school;Elementary School;Sai Wan, 蒲飛路25號;22.280563, 114.129938
Faculty of Law, The University of Hong Kong;11;school;Law School;Pok Fu Lam, Pok Fu Lam Rd, 10/F, Cheng Yu Tung Tower, Centennial Campus, Pokfulam Road, The University of Hong Kong, Hong Kong;22.283312, 114.133813
S.K.H. St. Peter's Primary School;30;school;Primary School;70 Hill Rd, Shek Tong Tsui;22.284937, 114.134563
Central and Western District Saint Anthony's School;21;school;Primary School;2 Hospital Rd, Central;22.283938, 114.147562
Hkspc Thomas Tam Nursery School;2;school;Nursery School;30 Hospital Rd, Sai Wan;22.285313, 114.144563
The ISF Pre-School;1;school;School;Shop 2-4, G/F Tung Fai Gardens, 17 Po Yan St, Sheung Wan;22.285063, 114.147188
Andre Music 音樂教室;1;school;Music School;德輔道西259-269號, 銀行大廈 地下20-22號舖, 港鐵西營盤站 B3 出口對面 (MRT消費站), Shop 20-22, G/F, MRT Mall, Bank Building, 259-269 Des Voeux Road West, Sai Ying Pun;22.288188, 114.141062
Bonham Road Government Primary School;15;school;Primary School;9A Bonham Rd, Mid-level;22.284563, 114.143937
補習學校 Education;0;school;Educational Institution;Sheung Fung Ln, Sai Wan;22.285687, 114.141313
Saint Stephen's Girls' College;44;school;Girls' High School;2 Lyttelton Rd, Mid-level;22.283563, 114.144062
The Harbour School (Harbour Village Campus);7;school;International School;2nd Floor Kennedy Town Centre, 23 Belcher's St, Kennedy Town;22.283938, 114.130563
Saint Stephen's Girls' Primary School and Kindergarten;4;school;Primary School;33 Park Road, Mid-level;22.283938, 114.144563
Lok Sin Tong Leung Kau Kui College;16;school;Middle School;26-28, Hospital Rd, Tai Ping Shan;22.285938, 114.145812
Elchk Amazing Grace Nursery School;0;school;School;2 High St, Sai Wan;22.284937, 114.144188
French International School of Hong Kong;1;school;High school;Tai Ping Shan;22.285063, 114.147188
Faculty of Dentistry, The University of Hong Kong;0;school;School;34 Hospital Rd, Sai Wan;22.286188, 114.144062
The ISF Pre-School;0;school;School;17 Po Yan St, Tai Ping Shan;22.285063, 114.147188
The Woodland Kennedy Town Pre-School;2;school;Preschool;G/F F, Building 3C, Davis St, Kennedy Town;22.282687, 114.126938
C&W District St Anthony's School;1;school;School;2 Hospital Rd, Tai Ping Shan;22.283688, 114.147313
King's College Old Boys' Association Primary School (School 2);9;school;Primary School;40 Po Hing Fong, Tai Ping Shan;22.284062, 114.147813
Island Waldorf School 香島華德福學校;4;school;School;Shop 1, G/F, 71-77 Smithfield, Kennedy Town;22.280688, 114.128813
Caritas Nursery School - Kennedy Town;1;school;Nursery School;27 Pokfield Rd, Kennedy Town;22.280313, 114.129813
SKH Saint Matthew's Primary School;8;school;Primary School;12-20 New St, Sheung Wan;22.285687, 114.146688
Carmel School (Kindergarten Section);0;school;Kindergarten;70 Robinson Rd, Mid-level;22.281438, 114.149437
King's College Old Boys' Association Primary School;11;school;Elementary School;58 Bridges St, Sheung Wan;22.283437, 114.150062
弘爵國際學校（堅道）;0;school;High school;Mid-level;22.282687, 114.150188
Island Christian Academy;19;school;International School;70 Bridges St, Sheung Wan;22.283813, 114.149313
The International Montessori School (Kindergarten Section)(Mid-Levels Campus);0;school;School;Mezzanine Entrance, Tung Fai Gardens 17 Po Yan Street Sheung Wan, Hong Kong, Mid-level;22.285313, 114.147438
迦密學校;0;school;High school;Mid-level, 半山羅便臣道70號雍景台1座3～4字樓;22.281688, 114.148938
荷李活中心;1;school;Office Building;Sheung Wan, 上環皇后大道西77-91號12樓C室;22.286563, 114.147062
SKH Lui Ming Choi Memorial Primary School;19;school;Primary School;Sai Wan, 堅尼地城加惠民道31號;22.281438, 114.124187
La Chouette Ecole;0;school;Preschool;1/F Imperial Terrace, 356 queens road West, entrance on Western st, Sai Ying Pun;22.286813, 114.141062
The French International School of Hong Kong;20;school;International School;165 Blue Pool Rd, Happy Valley;22.261062, 114.191562
ESF Glenealy School;6;school;International School;7 Hornsey Rd, Mid-level;22.276438, 114.152813
Cherish English School & Kindergarten;2;school;Kindergarten;Sai Wan;22.281187, 114.126188
The Woodland Montessori Academy (Mid-Levels);0;school;Preschool;On Fung Building, G/F 3/F,, 110-118 Caine Rd, Mid-level;22.282687, 114.150188
Sacred Heart Canossian School;23;school;Primary School;26 Caine Rd, Mid-level;22.280188, 114.153562
International Scholars Tuition School;1;school;Tutoring Service;3/F 255-, 257 Des Voeux Rd Central, Sheung Wan;22.286688, 114.152063
S.K.H. Kei Yan Primary School;23;school;Primary School;109 Hollywood Rd, Central;22.284062, 114.151688
West Island School;39;school;High school;250 Victoria Rd, Sandy Bay;22.272813, 114.125688
Glenealy School;0;school;School;7 Hornsey Rd, Mid-level;22.276438, 114.152813
Peak School;14;school;Primary School;20號 Plunkett's Rd, The Peak;22.267313, 114.152813
Independent Schools Foundation ISF academy (Secondary);14;school;International School;The ISF Academy (Secondary School), Kong Sin Wan Rd, Pok Fu Lam;22.264563, 114.129813
Discovery Montessori School (Central);4;school;Kindergarten;Mandarin Building, 35-43 Bonham Strand, Sheung Wan;22.285562, 114.152563
St. Clare's Girls' School;21;school;Girls' High School;50 Mount Davis Rd, Mount Davis;22.272937, 114.122063
Shrewsbury International School Hong Kong (Admissions Office) 思貝禮國際學校 (入學部);9;school;Primary School;7/F, Bangkok Bank Building, 28 Des Voeux Road Central, Central;22.282813, 114.156938
Ensure Education Centre;3;school;Learning Center;143 Second St, Sai Wan;22.286312, 114.139438
ESF Tennis Classes at West Island School;0;school;Tennis Instructor;250 Victoria Rd, Pok Fu Lam;22.272813, 114.125688
Raimondi College;42;school;Middle School;2 Robinson Rd, Mid-level;22.278313, 114.153313
Jean M. Wong School of Ballet (Central) 王仁曼芭蕾舞學校 (中環分校);0;school;School;Room 3101, 3103 17, Universal Trade Centre, 17-19 Caine Rd, Central;22.280188, 114.154187
Mandarin House School;13;school;School;Central, Connaught Rd Central, 74-77號, Beautiful Group Tower, Unit 305, 3F;22.285813, 114.154937
BSD Education;8;school;Educational Institution;18/F, Fu Fai Commercial Centre, 27 Hillier Street, Sheung Wan;22.285188, 114.151312
ITS Tutorial School Central;7;school;Tutoring Service;Boc Group Life Assurance Tower, 134-136 Des Voeux Rd Central, Sheung Wan;22.285188, 114.154563
Hong Kong Red Cross John F. Kennedy Centre;7;school;Special Education School;15-17 Sandy Bay Rd, Sandy Bay;22.271313, 114.124438
English Excel School (Mid-levels);0;school;School;Central, 亞畢諾道3號環貿中心703室;22.280188, 114.154312
Caritas Ling Yuet Sin Kindergarten;9;school;Kindergarten;54 Pok Fu Lam Rd, Sai Wan;22.284937, 114.139688
Hong Kong YWCA Tai Hon Fan Nursery School;1;school;Nursery School;99 Queen's Road Central, Central;22.285063, 114.154563
Twinkle Dance Company (Central Branch);11;school;Dance School;403, 801 Lansing House, 41-47 Queen's Road Central, Central, Central;22.282687, 114.155938
Sunshine House International Pre-school - The Peak;0;school;Kindergarten;118 Peak Rd, The Peak;22.270313, 114.149938
St. Paul's Co-educational College;55;school;Middle School;St. Paul's Co-educational College, Macdonnell Rd, Mid-level;22.275688, 114.157937
Ebenezer School & Home for the Visually Impaired;5;school;Special Education School;131 Pok Fu Lam Rd, High West;22.267188, 114.131937
天麟學校 Chamberlain Institute;0;school;Art School;Central, 砵甸乍街10號5樓;22.283188, 114.156188
Hong Kong Mandarin School;33;school;Language School;40-42 Des Voeux Rd Central, Central;22.283188, 114.156687
Kennedy School;12;school;Primary School;19 Sha Wan Dr, Sandy Bay;22.268063, 114.125437
St. Joseph's College;68;school;Middle School;7 & 26 Kennedy Rd, Mid-level;22.276687, 114.158688
HKUST Business School Central;5;school;Business School;Rm 1501- 02, 15/F, Hong Kong Club Building, 3A Chater Rd, Central;22.281313, 114.161063
NAE Hong Kong Limited;0;school;School;Central, Ice House St, 12, 2 St. George's Building;22.282063, 114.158938
The Woodland Peak Pre-School;0;school;Preschool;81 Peak Rd, The Peak;22.265313, 114.154438
Caritas Wu Cheng-chung Secondary School;5;school;Middle School;2 Northcote Cl, Sandy Bay;22.267687, 114.129562
Ebenezer New Hope School;1;school;Special Education School;131 Pok Fu Lam Rd, High West;22.266688, 114.131937
Malvern College Hong Kong Admissions Office;0;school;International School;14/F, Club Lusitano Building, 16 Ice House Street, Central;22.279938, 114.157438
English Schools Foundation Peak School;0;school;Elementary School;The Peak, 賓吉道20號;22.267313, 114.152813
薄扶林公眾騎術學校及傷殘人學騎中心;1;school;School;Pok Fu Lam, 水塘道;22.263312, 114.135813
Island School;42;school;International School;20 Borrett Rd, Mid-level;
German Swiss International School;22;school;International School;German Swiss International School (The Peak Campus) Upper Building, 11 Guildford Rd, The Peak;22.265938, 114.161562
Highgate House School - The Peak;2;school;Kindergarten;100 Peak Rd, The Peak;22.268063, 114.151688
Carmel School Of Hong Kong (Elementary Section);7;school;Primary School;10 Borrett Rd, Mid-level;22.274563, 114.163063
Independent Schools Foundation Academy (Primary Section);30;school;International School;1 Kong Sin Wan Rd, Telegraph Bay;22.263312, 114.130063
Hong Kong Academy for Performing Arts - The School of Film and Tv;0;school;School;139 Pok Fu Lam Rd, High West;22.262313, 114.135313
School of Continuing and Professional Studies - The Chinese University of Hong Kong (Central Learning Centre);3;school;University Department;Central, Harcourt Rd, 12號Unit A, 1/F, Bank of America Tower,;22.280813, 114.162938
St. Joseph’s College Brother Thomas Building;1;school;School;26 Kennedy Rd, Mid-level;22.276188, 114.158813
奇力学校;0;school;School;Pok Fu Lam Rd, Pok Fu Lam;22.267812, 114.131688
Future Island School;0;school;School;Mid-level;22.273563, 114.163563
German Swiss International School;5;school;International School;German Swiss International School (The Peak Campus) Upper Building, 11 Guildford Rd, The Peak;22.265938, 114.161562
The University of Hong Kong;462;school;University;Pok Fu Lam;22.282938, 114.137063
Parkview International Pre-School (Kowloon);0;school;Kindergarten;1 Austin Rd W, West Kowloon;22.305313, 114.162063
City Kids Pre School and Playgroup;2;school;Kindergarten;12 Borrett Rd, Mid-level;22.274188, 114.163688
Tung Wah Group of Hospitals Hok Shan School;12;school;School;5 Wah Lam Path, Waterfall Bay;22.252688, 114.138188
German Swiss International School Pokfulam Campus;1;school;School;162 Pok Fu Lam Rd, Pok Fu Lam;22.260563, 114.136688
The Harbour School (The Grove);8;school;International School;香港島鴨脷洲 鴨脷洲橋道332號;22.245063, 114.148688
TWGHs Tsui Tsin Tong School;4;school;Special Education School;25 Waterfall Bay Rd, Waterfall Bay;22.252187, 114.134188
Top Schools Hong Kong;1;school;Educational Consultant;Central, Queen Victoria St, 15號, Yue Shing Commercial Building, 14/F;22.283437, 114.155563
German Swiss International School - Peak Campus;2;school;School;Magazine Gap, Guildford Rd, 11號Building 22 German Swiss International School (The Peak Campus) Upper Building;22.266063, 114.161688
Sharon Lutheran School;25;school;Primary School;18 Cherry St, Tai Kok Tsui;22.318938, 114.164938
The Woodland Pokfulam Pre-School;0;school;Preschool;G/F Commercial Complex, Estate II, Wah Fu, Wah Fu Rd, Pok Fu Lam;22.253313, 114.136063
Singapore International School - Secondary Section;24;school;International School;2 Police School Rd, Aberdeen;22.245063, 114.167938
Lai Chack Middle School;14;school;Middle School;180 Canton Rd, Tsim Sha Tsui;22.301438, 114.168188
California School;3;school;Private School;Yau Ma Tei, 550 Nathan Road, Lung Ma Building, Yau Ma Tei, Kowloon, Hong Kong;22.314188, 114.170688
Alastair Cheuk's school;0;school;School;20 Borrett Rd, Mid-level;22.273687, 114.163688
Kellett School (Pokfulam Campus);8;school;School;Wah Fu Estate, 2 Wah Lok Path, Pok Fu Lam;22.252563, 114.139688
Canton Road Government Primary School;13;school;Primary School;178 Canton Rd, Tsim Sha Tsui;
St. Paul's College Primary School;21;school;Primary School;777號 Victoria Rd, Pok Fu Lam;22.253938, 114.138438
RL School Of Dance;0;school;School;T.a.l. Building, 49 號 16 樓, 45-53 Austin Rd, Yau Ma Tei;22.303313, 114.169937
Yaumati Kaifong Association School;13;school;Primary School;80 Public Square St, Yau Ma Tei;22.310187, 114.171687
Po Leung Kuk Camões Tan Siu Lin Primary School;68;school;Primary School;6 Hoi Ting Rd, Mong Kok;22.315063, 114.165438
Diocesan Girls' Junior School;22;school;Primary School;1 Jordan Rd, Kowloon City;22.307313, 114.172938
Caritas Lok Kan School;0;school;High school;Wan Chai, 聖佛蘭士街42號;22.275438, 114.169063
Caritas Chong Yuet Ming Secondary School;6;school;Middle School;53 Wah Fu Rd, Waterfall Bay;22.252812, 114.135313
Hong Kong School Of Commerce - Kowloon;6;school;School;81 Austin Rd, Tsim Sha Tsui;22.303313, 114.170813
Diocesan Girls' School;83;school;Girls' High School;1 Jordan Rd, Jordan;22.306938, 114.173188
Salvation Army Wah Fu Nursery School;0;school;Kindergarten;Waterfall Bay, Wah Cheung St, 7號, Wah Fu (II) Estate Wah Sang House, 樓123-127, 223-229;22.252563, 114.136187
Tang Shiu Kin Victoria Government Secondary School;8;school;High school;5 Oi Kwan Rd, Morrison Hill;22.276938, 114.178563
Singapore International School - Secondary Section;0;school;School;2 Police School Rd, Aberdeen;22.245063, 114.168062
SKH St. James' Primary School;0;school;School;Hong Kong, 110 Kennedy Rd, Wan Chai;22.272688, 114.173938
Sunshine House International Pre-School (Chi Fu);1;school;Kindergarten;1 Chi Fu Rd, Pok Fu Lam;22.255313, 114.139688
Rosaryhill School;25;school;School;41B Stubbs Rd, Mid-level;22.263688, 114.182313
Dalton School Hong Kong;2;school;School;Tai Kok Tsui;22.318312, 114.156062
Baron School of Music;1;school;Music School;193 Lockhart Rd, Wan Chai;22.278438, 114.174438
Hong Kong Red Cross Hospital Schools;0;school;Special Education School;West Kowloon, Hoi Ting Rd, 19號room 907;22.314562, 114.162313
Penasia School of Continuing Education;1;school;Educational Institution;145 Hennessy Rd, Wan Chai;22.277813, 114.173063
School of Continuing and Professional Studies, The Chinese University of Hong Kong (Tsimshatsui Oriental Learning Centre);1;school;College;Oriental Centre, 67-71 Chatham Rd S, Tsim Sha Tsui;22.300063, 114.175812
Singapore International School - Preparatory Years and Primary Section;19;school;School;23 Nam Long Shan Rd, Aberdeen;22.244687, 114.167188
Twghs Ng Sheung Lan Memorial Nursery School;0;school;Nursery School;199 Hennessy Rd, Wan Chai;22.277938, 114.174563
Complete Deelite;4;school;Baking Supply Store;Central, On Lan St, 2/F On Lan Centre;22.280813, 114.156813
ITS Tutorial School TST;1;school;Tutoring Service;Cameron Plaza, Shop A-C, 5/F, Cameron Plaza, 25A Tsim Sha Tsui, 23 Cameron Rd, Tsim Sha Tsui;
Hennessy Road Government Primary School;28;school;Primary School;163 Thomson Rd, Wan Chai;22.277437, 114.175812
S.K.H. Tin Wan Chi Nam Primary School;45;school;Primary School;5 Tin Wan New St, Aberdeen;22.251688, 114.151063
Pole Dance - A Queen Arts School;1;school;School;Prospect Building, 號 樓 493 室, 491-493A Nathan Rd, Yau Ma Tei;22.311687, 114.170688
Bradbury School;5;school;School;43C Stubbs Rd;22.265938, 114.179688
Pun U Association Wah Yan Primary School;18;school;Primary School;2號 Pak Fuk Rd, North Point;
Sophie Kindergarten & Nursery School;2;school;Nursery School;Units 8-10, UG/F, The Long Beach, 8 Hoi Fai Rd,, Tai Kok Tsui;22.320313, 114.155813
Sheng Kung Hui Tang Shiu Kin Secondary School;26;school;Middle School;9 Oi Kwan Rd, Morrison Hill;22.275813, 114.178688
St. Joseph's Primary School;21;school;Primary School;Wan Chai, Wood Rd, 48號;22.275438, 114.176688
School of Continuing and Professional Studies - The Chinese University of Hong Kong (Tsimshatsui East Ocean Learning Centre);4;school;University;Tsim Sha Tsui East, Granville Rd, 98號Basement 1, East Ocean Centre;22.300313, 114.177813
English Excel School (Olympic);0;school;School;Tai Kok Tsui, 西九匯, 1/F, 101舖;22.318438, 114.161688
Yaumati Catholic Primary School;0;school;Primary School;41 Tung Kun Street, Yau Ma Tei;22.311313, 114.167813
Ying Wa Girls' School;19;school;High and Secondary Schools;101 Castle Peak Rd, Sham Shui Po;
St. Mary's Canossian School;20;school;Primary School;87-89 Kimberley Rd, Tsim Sha Tsui;22.302812, 114.175812
Beacon College;18;school;Private School;301-302,602,701A, 701B, 702A ,702B, Ginza Square, 565-567 Nathan Rd, Yau Ma Tei;22.314687, 114.170188
香港香水學校 Hong Kong Perfume School;0;school;Educational Institution;1605, Beverley Commercial Centre, F,, 87-105 Chatham Rd S, Tsim Sha Tsui;22.301438, 114.175937
Full Luck Mahjong School;1;school;Education Center;G/F, Kam Po Building, No. 69-73 Woosung Street, Yaumatei, Kowloon, Jordan;22.306938, 114.170437
Queen Elizabeth School;38;school;Middle School;Mong Kok, Sai Yee St, 152號;22.323562, 114.171563
T.W.G.Hs. Lo Yu Chik Primary School;23;school;Primary School;51 Pitt St, Mong Kok;22.314313, 114.171187
St. Francis Xavier's College;40;school;Middle School;45 Sycamore St, Tai Kok Tsui;22.325563, 114.163187
Bradbury School;6;school;School;Stubbs Rd;22.265813, 114.179813
C & M A South Horizons Nursery School;0;school;Nursery School;29 Yi Nam Rd, Ap Lei Chau;22.243813, 114.150062
Yau Yat Chuen School;14;school;Kindergarten;2 Marigold Rd, Yau Yat Chuen;22.327937, 114.172563
The Harbour School (The Garden Campus);1;school;International School;138 Lee Chi Rd, Ap Lei Chau;22.243563, 114.153188
Small World Christian Kindergarten;2;school;Kindergarten;10 Borrett Rd, Mid-level;22.274688, 114.163063
School of Public Health, The University of Hong Kong;7;school;University Department;7 Sassoon Rd, Sandy Bay;22.268688, 114.129313
Hin school;0;school;School;9 Hoi Ting Rd, Mong Kok;22.313062, 114.165062
CUHK MBA Town Centre;1;school;Learning Center;Unit B, 1/F, Bank Of America Tower, 12 Harcourt Road, Admiralty;22.280688, 114.163063
St. Margaret's Co-Educational English Secondary And Primary School;42;school;Primary School;33 Sham Mong Rd, Cheung Sha Wan;22.330563, 114.151812
The University of Hong Kong School of Chinese Medicine;2;school;University Department;Pauline Chan Building, 10 Sassoon Rd, Sandy Bay;22.268437, 114.128688
Maryknoll Fathers' School Secondary Section;22;school;High school;Tai Hang Tung, 2 To Yuen St, Kowloon Tong;22.334188, 114.173313
Hong Kong School of Design;0;school;Educational Institution;Jordan, Nathan Rd, 430號436 號 彌 敦 商務 大廈 3 樓 Nathan Commercial Building;22.309688, 114.171563
Sons’ school (Tin Wan Chi Nam Primary School);0;school;School;Tin Wan;22.251938, 114.151063
The Woodland Harbourside Pre-School;1;school;Preschool;Ocean Court Block 1, G/F,, 3 Aberdeen Praya Rd, Aberdeen;22.247188, 114.158938
CDNIS;3;school;School;Canadian International School, 36 Nam Long Shan Rd, Wong Chuk Hang;22.242188, 114.167188
The International Montessori School (Kindergarten Section)(South Horizons Campus);2;school;Educational Institution;G/F, Blocks 23 to 23A, Phase III Ap Lei Chau, Hong Kong Ap Lei Chau Hong Kong Island HK, South Horizon Drive, South Horizons;22.241687, 114.148688
Victoria Shanghai Academy;37;school;School;道19號 no, 香港香港仔深灣, 19 Shum Wan Rd, Aberdeen;22.241687, 114.166313
Tai Kok Tsui Catholic Primary School;32;school;Primary School;148 Tai Kok Tsui Rd, Tai Kok Tsui;22.322062, 114.162438
Tsung Tsin Primary School and Kindergarten;29;school;Primary School;58 Tai Po Rd, Shek Kip Mei;22.329188, 114.167813
Tack Ching Girls' Secondary School;33;school;Girls' High School;9號 Hing Wah St W, Cheung Sha Wan;22.332063, 114.149437
Stamford American;14;school;School;25號 Man Fuk Rd, Ho Man Tin;22.319313, 114.178563
Westbourne School of English;0;school;School;Mong Kok Rd, Mong Kok;22.320813, 114.168688
Abhyaas - School of Yoga & Wellness 旺角 瑜珈中心;10;school;Yoga Retreat Center;Mong Kok, 彌敦道608號總統商業中心8樓804 -旺角瑜珈 Yoga Mong Kok;
聖公會基榮小學 S.K.H. Kei Wing Primary School;14;school;Primary School;S.k.h. Kei Wing Primary School, Lai Chi Kok Rd, Mong Kok;22.322313, 114.167938
Chinese International School;50;school;International School;1 Hau Yuen Path;22.283563, 114.197938
Diocesan Boys' School Primary Division;0;school;School;131 Argyle St, Kadoorie Hill;22.321312, 114.173188
Pui Ching Primary School;51;school;Primary School;80 Waterloo Rd, Ho Man Tin;22.318188, 114.175563
Marymount Primary School;22;school;Primary School;336 Tai Hang Rd, Happy Valley;22.262938, 114.190563
Rosaryhill School Primary Section;6;school;Elementary School;41B Stubbs Rd;22.263563, 114.182938
Canadian International School;36;school;International School;36 Nam Long Shan Rd, Aberdeen;22.242313, 114.167313
Kowloon Tong Funful English Primary School;2;school;Primary School;1 Cumberland Rd, Kowloon Tong;22.327187, 114.176188
The Hong Kong Polytechnic University Lui Che Woo Building;1;school;School;Hung Hom, 紅磡;22.302812, 114.179562
Diocesan Boys' School Primary Division;5;school;Primary School;Kadoorie Hill, 亞皆老街131號;22.321312, 114.173188
Po Kok Primary School;12;school;Primary School;11 Shan Kwong Rd, Happy Valley;22.267313, 114.185313
American International School;36;school;International School;125 Waterloo Rd, Kowloon Tong;22.331687, 114.178312
South Island School;20;school;School;50 Nam Fung Rd, Deep Water Bay;22.254063, 114.182813
Aoi Pui School;2;school;Special Education School;16 Station Ln, Hung Hom;
Hong Kong True Light Secondary School;6;school;School;50 Tai Hang Rd, Tai Hang;22.275563, 114.194063
Kowloon Tong School (Primary Section);32;school;Primary School;金巴倫道２７２１地段, Kowloon Tong;22.327563, 114.176437
Diocesan Boys’ School Primary Division;6;school;Primary School;131 Argyle St, Kadoorie Hill;22.321312, 114.173437
Clement Art School (Olympic);0;school;School;34 Cherry St, Tai Kok Tsui;22.319187, 114.163187
香港理工大學玻璃天幕;1;school;School;Hung Hom Bay;22.304438, 114.179688
Christian Alliance International School;10;school;International School;Cheung Sha Wan, King Lam St, 33號Lai Chi Kok;22.324688, 114.186938
Tony Wong;0;school;School;Tsung Tsin School, 58 Tai Po Rd, Tong Mi;22.329063, 114.167813
Phase 8 (Block Z), The Hong Kong Polytechnic University;0;school;School;181 Chatham Rd S, Hung Hom Bay;22.306688, 114.179438
Jockey Club Sarah Roe School;2;school;School;2B Tin Kwong Rd, Ho Man Tin;22.322313, 114.183062
Kowloon Junior School;15;school;International School;20 Perth St, Ho Man Tin;22.321688, 114.181937
The Church of Christ in China Heep Woh Primary School (Cheung Sha Wan);32;school;Primary School;18號 Tonkin St, Cheung Sha Wan;22.334938, 114.157937
School of Biomedical Sciences;1;school;Laboratory;F-4/F,, 21 Sassoon Rd, Pok Fu Lam;22.267563, 114.128813
Hong Kong Community College (West Kowloon);3;school;School;9 Hoi Ting Road, Mong Kok;22.312688, 114.165188
Pentecostal School;20;school;Co-ed School;Ho Man Tin, Perth St, 14號;22.321312, 114.181312
The Woodland Happy Valley Pre-School;1;school;Preschool;2 Hawthorn Road, Happy Valley;22.266187, 114.187563
Christian Alliance International School;2;school;School;33 King Lam St, Lai Chi Kok;22.338938, 114.145563
Confucius Hall Secondary School;15;school;Middle School;77 Caroline Hill Rd, Causeway Bay;22.274563, 114.187563
Delia Memorial School (Broadway);19;school;High school;80-86, Broadway, Mei Foo Sun Chuen;22.335562, 114.140688
Princess School;1;school;School;18 Ocean Park Rd, Ocean Park;22.246813, 114.174438
Canadian International School Private Swimming Pool;1;school;School;36 Nam Long Shan Rd, Aberdeen;22.241812, 114.167313
The Church of Christ in China Hong Kong Council Hip Woh School (Kindergarten Section);5;school;Kindergarten;231 Sai Yeung Choi St N, Tong Mi;22.328062, 114.167562
Delia English Primary School & Kindergarten (Kindergarten Section);0;school;School;Mei Foo Sun Chuen, Shop 138, Stage 8, Podium Floor, Mei Foo Sun Chuen;22.334938, 114.141938
Kingston International School (Lower Primary & Upper Primary);12;school;International School;105 & 113 Waterloo Rd, Kowloon Tong;22.327438, 114.178063
HK True Light Middle School Primary Section;19;school;Primary School;50 Tai Hang Rd, Causeway Bay;22.276063, 114.194688
Homantin Government Secondary School;22;school;High school;8 Perth St, Ho Man Tin;22.321063, 114.180313
Cheung Sha Wan Catholic Secondary School;37;school;Middle School;533 Fuk Wing St, Cheung Sha Wan;22.338688, 114.153687
Kowloon Technical School;30;school;Middle School;332-334 Cheung Sha Wan Rd, Sham Shui Po;22.333813, 114.158938
Delia English Primary School & Kindergarten;10;school;Primary School;84-86 Broadway, Mei Foo Sun Chuen;22.335063, 114.140813
Concordia International School;14;school;International School;68 Begonia Rd, Kowloon Tong;
Saint Too Sear Rogers International School;7;school;International School;15 Tong Yam St, Shek Kip Mei;22.329938, 114.170313
CAIS;8;school;International School;8 King Lam St, Cheung Sha Wan;22.338313, 114.144688
Tsim Sha Tsui Funful International Kindergarten;1;school;Kindergarten;136A Nathan Rd, Tsim Sha Tsui;22.301563, 114.172563
Bishop Hall Jubilee School;42;school;High school;Kowloon Tong, Oxford Rd, 2C號;22.329813, 114.180938
Christian Alliance International School;19;school;International School;33 King Lam St, Butterfly Valley;22.338813, 114.145063
Hong Kong Japanese School (Primary Section);12;school;International School;157 Blue Pool Rd, Happy Valley;22.261938, 114.190812
ESF Lions Football Class at Quarry Bay School;15;school;Soccer Practice;Football pitch, 6 Hau Yuen Path, Quarry Bay;22.284313, 114.198438
Farm Road Government Primary School;23;school;Primary School;Farm Road Government Primary School, 8 Farm Rd, To Kwa Wan;22.320813, 114.186687
Hennessy Road Government Primary School (Causeway Bay);12;school;Primary School;3 Eastern Hospital Rd, Causeway Bay;22.277813, 114.188813
North Point Government Primary School Cloud View Road;10;school;Primary School;22 Cloud View Rd;22.284187, 114.194938
H.k.s.p.c. S.i.a. Whampoa Nursery School;4;school;Kindergarten;Hung Hom;22.304688, 114.187188
Heep Yunn School;55;school;Girls' High School;Kau Pui Lung, Farm Rd, 1號;22.321312, 114.185688
Tang King Po School;30;school;Middle School;16 Tin Kwong Rd, Kau Pui Lung;22.320313, 114.184812
Ying Wa College;62;school;Middle School;1 Ying Wa St, Cheung Sha Wan;22.329938, 114.152813
Think International School;3;school;International School;11 Kwong Lee Rd, Lei Cheng Uk;22.340188, 114.160187
Think International School;4;school;Primary School;117 Boundary St, Prince Edward;22.327187, 114.177188
The Church of Christ in China Kung Lee College;8;school;High school;C.C.C. Kung Lee College, 17 Tai Hang Rd, Tai Hang;22.274688, 114.193563
St. Francis' Canossian College Hall Building;19;school;College;9, 13 Kennedy Rd, Mid-level;22.275063, 114.168563
Parkview International Pre-School;0;school;Kindergarten;88 Tai Tam Reservoir Rd, Repulse Bay;22.257938, 114.198687
S.k.h. Kei Oi Primary School;21;school;School;17 Kwong Lee Rd, Lei Cheng Uk;22.339937, 114.160563
Heung to Middle School;29;school;Middle School;33號 To Yuen St, Kowloon Tong;22.335437, 114.173938
King George V School;4;school;School;2 Tin Kwong Rd, Ho Man Tin;22.321688, 114.183062
Hong Kong International School - Upper Primary;11;school;Private School;23 S Bay Cl, Repulse Bay;22.239063, 114.201062
B.o.k.s.s. Pui Yan Pre-Primary School;2;school;Kindergarten;1 Fortune St, Cheung Sha Wan;22.334563, 114.153938
九龍仔;0;school;School;號, 2 To Yuen St, Yau Yat Chuen;22.329813, 114.171438
Wall Street English 英語學院 (銅鑼灣分校) - WSE Causeway Bay Centre;3;school;Private School;19/F, Causeway Bay Plaza Two, 463-483 Lockhart Rd, Causeway Bay;22.280563, 114.182188
Munsang College Primary Section;65;school;Primary School;8 Dumbarton Rd, Kowloon Tsai;22.332688, 114.186187
G.T. (Ellen Yeung) College (Junior Primary Section);12;school;Primary School;31 Sai Yee St, Mong Kok;22.317813, 114.171813
Inventive Funful Kindergarten;0;school;School;Sunrise Villa, 號, Chi Kiang St, To Kwa Wan;22.314438, 114.189938
Caritas Jockey Club Lok Yan School;1;school;Special Education School;121 Wing Hong St, Sham Shui Po;22.342438, 114.155313
Tsung Tsin Middle School;6;school;Middle School;11號 Kwong Lee Rd, Cheung Sha Wan;22.340188, 114.160187
HKCC-HHB;1;school;School;PolyU Hung Hom Bay Campus, 號, 8 Hung Lok Rd, Hung Hom;22.303188, 114.184812
The Woodland Montessori Pre-School (Repulse Bay);1;school;Preschool;Shop G118-119, G/F, The Repulse Bay, 109 Repulse Bay Rd, Repulse Bay;
Delia School of Canada;39;school;International School;5, 7 Tai Fung Ave, Quarry Bay;22.285438, 114.218188
CCC Rotary Secondary School;11;school;School;157 Lung Cheung Rd, Wan Tau Hom;22.341938, 114.188688
Hong Kong Art School;1;school;2 Harbour Road, Wan Chai;75JC+38 Hong Kong;22.280188, 114.170813
Kaplan 楷博教育;14;school;Educational Institution;412 Hennessy Rd, Wan Chai;22.278937, 114.180438
Jubilee College, The Open University of Hong Kong;0;school;School;公開大學銀禧學院 Hong Kong,, No. 12 Hill;22.315688, 114.178312
Think International Kindergarten;1;school;Kindergarten;5 Lincoln Rd, Mong Kok;22.327937, 114.177188
Kellett School Kowloon Bay;40;school;International School;7 Lam Hing St, Kowloon Bay;22.324688, 114.206813
CFA Institute;0;school;Accounting School;68 Des Voeux Rd Central, Central;22.283688, 114.156313
Think Academy (Tsung Tsin);0;school;School;11 Kwong Lee Rd, Lei Cheng Uk;22.340188, 114.160187
North Point Government Primary School;31;school;Primary School;888 King's Rd, Quarry Bay;22.288813, 114.209562
CityU Yellow Zone;1;school;School;Kowloon Tong, Tat Chee Ave, 83號號 Li Dak Sum Yip Yio Chin Academic Building, City University of Hong Kong;22.336563, 114.173063
Chinese Methodist School North Point;9;school;School;15 Pak Fuk Rd, North Point;22.290563, 114.207563
City University of Hong Kong Cheng Yick-Chi Building;0;school;School;Kowloon Tong, 達之路83號;22.337063, 114.173188
Kingston International Kindergarten;4;school;Kindergarten;12 Cumberland Rd, Kowloon Tong;22.331188, 114.177438
香港浸會大學李惠利用地;0;school;School;Dr. Ng Tor Tai International House, 32 Renfrew Rd, Kowloon Tsai;22.336063, 114.181812
Dance With Style;1;school;Dance Company;7A Tak Cheung Building, 22-24 Wing Lok Street, Sheung Wan;22.286063, 114.152563
The International Montessori School Primary Section Stanley Campus;6;school;Primary School;Phase III, Ma Hang Estate, Stanley;22.219437, 114.209188
Hong Kong Taoist Association Wun Tsuen School;19;school;Primary School;On Shin Rd, Ngau Tau Kok;22.319438, 114.217563
Nikkei Japanese Language School;8;school;Language School;Jordan, Jordan Rd, 9-11號, Ko Kie Building;22.305813, 114.172187
Goethe-Institut Hongkong;8;school;Language School;Hong Kong Arts Centre, 2 Harbour Rd, Wan Chai;22.280188, 114.170813
Hong Kong Weaving Mills Association Chu Shek Lun Secondary School;9;school;High school;11 Kai Lok St, Kowloon Bay;22.327438, 114.211563
Hong Kong International School;61;school;International School;1 Red Hill Rd, Tai Tam;22.237688, 114.223312
Aberdeen Technical School;13;school;Technical School;1 Wong Chuk Hang Rd;22.248813, 114.160812
P.L.K. Stanley Ho Sau Nan Primary School;32;school;Primary School;11號 Muk Hung St, Kowloon Bay;22.331812, 114.204187
Garden Estate Baptist Nursery School;2;school;School;Lotus Garden Block 2, 297 Ngau Tau Kok Rd, Ngau Tau Kok;22.315813, 114.220188
Carmel School Association Elsa High School;7;school;High school;460 Shau Kei Wan Rd, Shau Kei Wan;22.276313, 114.229813
Korean International School;22;school;International School;Sai Wan Ho, Lei King Rd, 55號;22.285188, 114.222812
Hong Kong Art School;4;school;Art School;8 Tam Kung Temple Road, A Kung Ngam;22.282562, 114.230938
Fukien Secondary School (Kwun Tong);44;school;Middle School;83 Chun Wah Rd, Kwun Tong;22.322438, 114.221313
The Little Gym;2;school;Educational Institution;11 Canton Rd, Tsim Sha Tsui;22.297313, 114.168688
Aberdeen Technical School;7;school;Technical School;1 Wong Chuk Hang Road;22.248813, 114.161188
The Hong Kong Polytechnic University's School of Hotel and Tourism Management;6;school;University Department;University House, the Hong Kong Polytechnic University, 17 Science Museum Road, Tsim Sha Tsui East, Kowloon, 17 Science Museum Rd, Tsim Sha Tsui East;22.300688, 114.179813
Hong Kong Art School;2;school;School;Room 819, 8/F, Youth Square, 238 Chai Wan Road, Chai Wan, Hong Kong, Chai Wan;22.263063, 114.236813
香港浸會大學持續教育學院 - 灣仔中心;0;school;Educational Institution;Wan Chai, Queen's Rd E, 213號號 26 樓 Wu Chung House;22.274188, 114.172812
Nord Anglia International School Hong Kong;32;school;International School;11 On Tin St, Lam Tin;22.309188, 114.237938
Helen Liang Memorial Secondary School;15;school;High school;Tai Wai, Hin Tin St, 2號;22.361313, 114.173813
G.T. (Ellen Yeung) College (Secondary Section);20;school;School;10 Ling Kwong St, Tiu Keng Wan;22.305188, 114.250188
Chi Lin Buddhist Secondary School (skill Opportunity);17;school;High school;Sheung Yuen Leng, 志蓮道9號;22.340188, 114.206437
Salesian English School;27;school;Middle School;16 Chai Wan Rd, Shau Kei Wan;22.275938, 114.229063
Good Hope School (Secondary Section);16;school;Girls' High School;303 Clear Water Bay Road, Ngau Chi Wan;22.334313, 114.219438
MUNSANG COLLEGE;1;school;Middle School;Munsang College, 8 Dumbarton Rd, Kowloon Tsai;22.333063, 114.186313
Fukien Secondary School Affiliated School;19;school;School;9 Yau Tong Rd, Yau Tong;22.300188, 114.237563
Funful Kindergarten;3;school;Kindergarten;266, 266A & 266B Prince Edward Rd W, Kowloon Tsai;22.326188, 114.179063
Yale-China Chinese Language Centre, Chinese University of Hong Kong;5;school;Adult Education School;3/F, Far East Consortium Building (Jordan), No 204-206, Nathan Road, Kowloon, Jordan;22.303688, 114.172063
ESF Discovery College;33;school;International School;38 Siena Ave, Discovery Bay;22.303938, 114.014063
Discovery Bay International School;8;school;Primary School;Discovery Bay Rd, Discovery Bay;22.301312, 114.012313
Wall Street English 英語學院 (佐敦分校) - WSE Jordan Centre;0;school;English Language School;佐敦薈6樓, 彌敦道233 號, Jordan;22.304937, 114.171313
Wall Street Institute (Causeway Bay);0;school;Language School;Causeway Bay, 銅鑼灣軒尼詩道４８９號銅鑼灣廣場第一期１０樓;22.280188, 114.182938
Parkview-Rhine Garden Pre-School;1;school;Kindergarten;Rhine Garden Block 1, 38號 Castle Peak Rd (Sham Tseng), Sham Tseng;22.368438, 114.060813
Hong Kong Schools Music and Speech Association;19;school;Non-Governmental Organization;三樓, 7號 Carmel Village St, Ho Man Tin;22.314313, 114.179562
The Hong Kong Polytechnic University;112;school;University;11號 Yuk Choi Rd, Hung Hom;22.303813, 114.179813
Hong Kong Baptist University School of Chinese Medicine Lui Seng Chun;77;school;Chinese Medicine Clinic;119 Lai Chi Kok Rd, Prince Edward;22.324813, 114.165062
Victoria Shanghai Academy Library;1;school;Library;Shum Wan Rd, Wong Chuk Hang;22.242063, 114.166187
Yan Chai Hospital Wong Wah San Secondary School;30;school;High school;8 Tong Chun St, Tseung Kwan O;22.309312, 114.259937
香島專科學校;7;school;Adult Education School;Prince Edward, 運動場道29號;22.325687, 114.170313
Davis;0;school;Western Restaurant;Sai Wan, 西環堅尼地城爹核士街1號裕福大厦地下7號舖;
The Hong Kong Polytechnic University Li Ka Shing Tower;1;school;School Administrator;Hung Hom;22.303938, 114.179688
Kowloon Funful Kindergarten;2;school;Kindergarten;20 Durham Rd, Kowloon Tsai;22.332188, 114.181438
Think International Kindergarten - Mei Foo;2;school;Kindergarten;8 King Lai Path, Lai Chi Kok;22.341688, 114.137937
Sha Tin Junior School;11;school;Primary School;3A Lai Wo Ln, Fo Tan;22.393313, 114.188437
faust discovery bay;0;school;School;Headland Village - Discovery Bay 27 Headland Drive, 27 Headland Dr, Discovery Bay;22.301563, 114.012688
Aveda;0;school;Stores and Shopping;12-16 Des Voeux Rd Central, Central;22.281688, 114.157937
Shrewsbury International School Hong Kong;24;school;International School;10 Shek Kok Rd, Tseung Kwan O;22.297562, 114.273688
Think International Kindergarten;3;school;Kindergarten;99 Cha Kwo Ling Rd, Sai Tso Wan;22.304937, 114.227438
CMA Lecture Theater (LT-L);3;school;School;Clear Water Bay, Cheng Yu Tung Building, Clear Water Bay,;22.334938, 114.263813
The Hong Kong Schools Sports Federation;2;school;Charity;7 Carmel Village St, No. 12 Hill;22.314313, 114.179562
City University of Hong Kong;243;school;University;Tat Chee Ave, Kowloon Tong;22.337188, 114.172812
Lee Shau Kee Business Building;2;school;School;Clear Water Bay;22.333312, 114.264937
Harrow International School Hong Kong;66;school;International School;38 Tsing Ying Rd, Tuen Mun;22.376437, 113.990938
Stewards Pooi Kei Primary School;22;school;Primary School;2 Lok Ha Square, Fo Tan;22.400187, 114.197938
Ruttonjee Hospital;88;hospital;General Hospital;266 Queen's Rd E, Wan Chai;22.275813, 114.175312
Kwong Wah Hospital;151;hospital;General Hospital;25號 Waterloo Rd, Yau Ma Tei;22.315063, 114.172438
Tsan Yuk Hospital;23;hospital;Government Hospital;30 Hospital Rd, Sai Ying Pun;22.286188, 114.144563
Tung Wah Group Of Hospitals;14;hospital;Hospital;12 Po Yan St, Sheung Wan;22.285063, 114.147062
Queen Mary Hospital;151;hospital;Government Hospital;Queen Mary Hospital Main Block, Pok Fu Lam Rd, High West;22.270313, 114.131437
United Christian Hospital;130;hospital;General Hospital;130 Hip Wo St, Kwun Tong;22.323313, 114.227062
Prince Philip Dental Hospital;37;hospital;Specialized hospital;34 Hospital Rd, Sai Ying Pun;22.286312, 114.143937
Canossa Hospital;72;hospital;Private Hospital;1 Old Peak Rd, Mid-level;22.277313, 114.154063
St Paul's Hospital;107;hospital;Private Hospital;2 Eastern Hospital Rd, Causeway Bay;22.278438, 114.188188
Queen Elizabeth Hospital;238;hospital;Government Hospital;30號 Gascoigne Rd, King's Park;22.308938, 114.174687
Hong Kong Sanatorium & Hospital;136;hospital;Private Hospital;2 Village Rd, Happy Valley;22.269563, 114.182938
Matilda International Hospital;42;hospital;Private Hospital;41 Mount Kellett Rd, The Peak;22.259063, 114.149313
Kwong Wah Hospital;0;hospital;Hospital;Mong Kok, Waterloo Rd, 25號廣華醫院東華三院 徐展堂門診大樓一樓;
香港佛教醫院普通科門診診所 ( 香港佛教醫院 );30;hospital;Hospital;Lo Fu Ngam, Heng Lam St, 10 號香港佛教醫院A座低層;22.335688, 114.189062
Gleneagles Hong Kong Hospital;47;hospital;Private Hospital;1 Nam Fung Path, Wong Chuk Hang;22.251688, 114.176188
Tang Shiu Kin Hospital;22;hospital;Hospital;282號 Queen's Rd E, Wan Chai;22.275313, 114.177687
Tung Wah Group of Hospitals Fung Yiu King Hospital;14;hospital;Hospital;Sandy Bay;22.271437, 114.124812
Tung Wah Eastern Hospital;30;hospital;Government Hospital;19號 Eastern Hospital Rd, Tai Hang;22.274813, 114.190313
Precious Blood Hospital (Caritas);34;hospital;Hospital;113 Castle Peak Rd, Sham Shui Po;22.333813, 114.161688
Queen Elizabeth Hospital Ambulatory Care Centre Extension;2;hospital;Hospital;12 Wylie Rd, Yau Ma Tei;22.308438, 114.176063
Hong Kong Adventist Hospital;56;hospital;Private Hospital;40 Stubbs Rd, Happy Valley;22.263688, 114.184312
Saint Teresa's Hospital;235;hospital;Private Hospital;327號 Prince Edward Rd W, Kowloon City;22.326313, 114.184937
Community Rehabilitation Service Support Centre;0;hospital;Hospital;號, 147A Argyle St, Kadoorie Hill;22.324563, 114.180313
Kowloon Hospital;12;hospital;Government Hospital;147A Argyle St, Kowloon City;22.324438, 114.181438
Grantham Hospital;52;hospital;Government Hospital;Aberdeen, Wong Chuk Hang Rd, 125號;22.251063, 114.173188
Evangel Hospital;42;hospital;Private Hospital;222 Argyle St, Ma Tau Wai;22.325313, 114.186938
Hong Kong Eye Hospital;16;hospital;Government Hospital;Argyle St, Kowloon City;22.324938, 114.184688
Kowloon Hospital Main Building;2;hospital;Government Hospital;147A Argyle St, Kadoorie Hill;22.323688, 114.179438
Chau Mo Chee, Elaine Doctors;1;hospital;Hospital;Happy Valley, 跑馬地山村道2號養和醫院李樹培院27樓心臟科中心;22.269187, 114.183187
Department of. Occupational Therapy, Queen Elizabeth Hospital;0;hospital;Medical Center;Yau Ma Tei, Block P;22.309563, 114.175063
九龍醫院A座;0;hospital;Hospital;Kadoorie Hill, Argyle St, 147號號;22.323813, 114.180687
The Duchess of Kent Children's Hospital at Sandy Bay;29;hospital;Children's Hospital;Sandy Bay, Sandy Bay Rd, 12號薄扶林;22.271188, 114.123438
Tang Shiu Kin Hospital Violet Peel General Outpatient Clinic;10;hospital;Medical Clinic;Wan Chai, Queen's Rd E, 282號地庫高層鄧肇堅醫院社區日間醫療中心;22.275313, 114.177687
Western Psychiatric Centre;0;hospital;Hospital;102 Pok Fu Lam Rd, High West;22.269937, 114.130938
Princess Margaret Hospital;89;hospital;Government Hospital;2-10號 Princess Margaret Hospital Road, Lai Chi Kok;22.341688, 114.133938
Hong Kong Baptist Hospital;125;hospital;Private Hospital;222 Waterloo Rd, Beacon Hill;22.339563, 114.180187
Wu Wing Cheung, Stephen Doctors;1;hospital;Hospital;Happy Valley, 跑馬地山村道2號養和醫院;
Caritas Medical Centre;71;hospital;Hospital;111 Wing Hong St;22.341437, 114.153188
Kwai Chung Hospital;21;hospital;Hospital;Kwai Chung Hospital Block L, 3-15 Kwai Chung Hospital Rd, Kwai Chung;22.343438, 114.133438
Ho Man Tin Chinese Medicine Centre for Training and Research;5;hospital;Chinese Medicine Clinic;Ho Man Tin, 愛民邨保民樓401-412號;22.311438, 114.179562
東華三院余振強紀念醫療中心;2;hospital;Hospital;83 Dundas St, Mong Kok;22.315563, 114.172438
TWGHS Tsui Tsin Tong Outpatient Building;8;hospital;Hospital;號, 25 Waterloo Rd, Mong Kok;22.315437, 114.171813
Hospital Authority Central Kowloon Health Centre;62;hospital;Medical Clinic;147A Argyle St, Mong Kok;22.322438, 114.179188
Tai Po Hospital Complex Building;1;hospital;General Hospital;Tai Po, 全安路;22.462063, 114.174938
Hong Kong Baptist Hospital;0;hospital;Hospital;1 Mok Cheong Street, 1 Mok Cheong St, Ma Tau Chung;22.323063, 114.190063
寶血醫院驗眼配鏡中心;0;hospital;Hospital;Sham Shui Po, Castle Peak Rd, 113號Om Yau香港九龍長沙灣青山道113號寶血醫院明愛4樓;22.333937, 114.161688
Hong Kong Baptist Hospital-C Tower;0;hospital;Hospital;Kowloon Tong Telephone Exchange, 1 Kam Shing Rd, Beacon Hill;22.339438, 114.179562
HKSH Healthcare Medical Centre;0;hospital;Medical Center;21-23/F, One Pacific Place, 88 Queensway, Admiralty;22.277688, 114.165438
Twghs Wong Tai Sin Hospital - Hong Kong Baptist University Chinese Medicine Clinical Research And Services Centre;29;hospital;Hospital;124 Shatin Pass Rd, Chuk Un;22.347188, 114.196563
Kowloon Hospital Block M;1;hospital;Hospital;147A Argyle St, Kadoorie Hill;22.324688, 114.181188
Hong Kong Baptist Hospital - Block E;2;hospital;Hospital;Beacon Hill, Kam Shing Rd, 1號號 Kowloon Tong Telephone Exchange;22.339438, 114.180313
Kwong Wah Hospital – The Chinese University of Hong Kong Chinese Medicine Clinical Research and Services Centre;2;hospital;Hospital;202 Reclamation St, Yau Ma Tei;22.311938, 114.169187
Princess Margaret Hospital Block P Jockey Club Nephrology and Urology Center;0;hospital;Hospital;Princess Margaret Hospital, 2-10 Princess Margaret Hospital Road, Kwai Chung;22.340813, 114.134063
Union Hospital;107;hospital;Private Hospital;18 Fu Kin St, Tai Wai;22.360438, 114.175438
Hong Kong Children's Hospital;19;hospital;Government Hospital;Kowloon Bay, 承昌道1號;22.315813, 114.208813
HA headquater;0;hospital;Hospital;號, 147M Argyle St, Ma Tau Wai;22.324312, 114.183563
Our Lady of Maryknoll Hospital;51;hospital;Hospital;Chuk Un, Shatin Pass Rd, 118號;22.345563, 114.196563
Chinese University of Hong Kong Eye Centre;3;hospital;Hospital;Hong Kong Eye Hospital, 147K Argyle St, Kowloon City;22.324938, 114.184563
香港佛教醫院;0;hospital;Hospital;10 號 Heng Lam St, Kowloon;22.335562, 114.188688
Yan Chai Hospital;99;hospital;Hospital;7-11, Yan Chai St, Tsuen Wan;22.369687, 114.119563
Caritas Medical Centre General Practice Clinic;7;hospital;Medical Clinic;Sham Shui Po, Wing Hong St, 111號明愛醫院懷明樓地下;22.340687, 114.152813
Hong Kong Adventist Hospital - Tsuen Wan;87;hospital;Private Hospital;199 Tsuen King Circuit, Tsuen Wan;
Pamela Youde Nethersole Eastern Hospital;115;hospital;Government Hospital;Pamela Youde Nethersole Eastern Hospital Main Block, Lok Man Rd, Chai Wan;22.269563, 114.236313
東華三院黄大仙醫院;7;hospital;Hospital;122 Shatin Pass Rd, Chuk Un;22.346687, 114.196188
Caritas Medical Centre Jockey Club Wai Oi Block;4;hospital;Hospital;111 Wing Hong Street;22.341188, 114.151937
St. John Hospital;15;hospital;Government Hospital;Cheung Chau Hospital Rd, Cheung Chau;22.208063, 114.031562
Yan Chai Hopsital Multi-Services Complex;9;hospital;Hospital;Tsuen Wan, 新界荃灣仁濟街7-11號;22.369687, 114.118938
Tsuen Wan Adventist Hospital New Building;0;hospital;Private Hospital;199 Tsuen King Circuit, Tsuen Wan;22.376437, 114.104063
Adventist Medical Center;14;hospital;Medical Center;Causeway Bay, Paterson St, 2-20號16/F Hang Lung Centre unit 1606-1610;22.280188, 114.186063
基督教聯合醫院 S 座;1;hospital;Hospital;Sau Mau Ping;22.322563, 114.227562
Matilda Medical Centre (Central);1;hospital;Medical Clinic;502, Prosperity Tower, 39 Queen's Road Central, Central;22.282562, 114.156188
Prince of Wales Hospital Main Clinical Block and Trauma Centre;12;hospital;Hospital;30-32號 Ngan Shing St, Sha Tin;22.380812, 114.202563
Prince of Wales Hospital;5;hospital;Government Hospital;30-32 Ngan Shing St, Sha Tin;22.378938, 114.202063
Yan Chai Hospital Cum Hong Kong Baptist University Chinese Medicine Clinic Cum Training and Research Centre (Ha Kwai Chung);6;hospital;Chinese Medicine Clinic;Kwai Chung, Lai Cho Rd, 77號下葵涌分科診所及特殊教育服務中心地下;22.352313, 114.128063
University Health Service, HKU;3;hospital;Medical Clinic;Meng Wah Complex, University of Hong Kong, 3f Pok Fu Lam Rd, Pok Fu Lam;22.282313, 114.139063
PhiDerma Aesthetics Centre;0;hospital;Medical Center;8F, Albion Plaza,, 2-6 Granville Road, Tsim Sha Tsui, Tsim Sha Tsui;22.299438, 114.172688
Caritas Medical Centre - Eye;3;hospital;Ophthalmology Clinic;111號 Wing Hong St, Sham Shui Po;22.340813, 114.153438
Matilda Clinic - Caine Road;0;hospital;Medical Clinic;116 Caine Rd, Mid-level;22.282687, 114.150188
Union Hospital Polyclinic;0;hospital;Hospital;Metro City, Mau Yip Rd, 8號號 Metropolis - Metro City Phase 3 Block 3;22.322938, 114.256937
Tseung Kwan O Hospital;107;hospital;Government Hospital;Tseung Kwan O, 坑口寶寧里 2 號;22.317938, 114.269938
University Health Service, HKU;3;hospital;Medical Clinic;Meng Wah Complex, University of Hong Kong, 3f Pok Fu Lam Rd, Pok Fu Lam;22.282313, 114.139063
Tai Po Hospital;32;hospital;Hospital;Tai Po, 全安路9號;22.461313, 114.174813
Tuen Mun Hospital;124;hospital;Government Hospital;Block H, Tsing Chung Koon Rd, Tuen Mun;22.408188, 113.975812
Siu Lam Hospital;5;hospital;Psychiatric Hospital;15 Tsing Chung Koon Rd, Tuen Mun;22.410063, 113.974938
Pok Oi Hospital;75;hospital;Hospital;坳頭, Kam Tin;22.445438, 114.041937
Queen Mary Hospital Staff Canteen;185;hospital;Restaurant;Queen Mary Hospital Block K, Pok Fu Lam Rd, High West;22.270938, 114.130812
Tuen Mun Hospital Rehabilitation Block;6;hospital;Hospital;Tsing Lun Road, Tuen Mun;22.410188, 113.975812
Tung Wah Group of Hospitals Social Service;0;hospital;Tung Wah Hospital, Tai Ping Shan;74PW+2J Hong Kong;22.285063, 114.146563
Haven of Hope Hospital;31;hospital;Hospital;Tseung Kwan O, Haven of Hope Rd, 8號;22.313937, 114.256312
Alice Ho Miu Ling Nethersole Hospital;79;hospital;Hospital;11號 Chuen On Rd, Tai Po;22.458688, 114.174813
Hong Kong Private Hospitals Association;0;hospital;Lower Albert Rd, Central;75H4+VG Hong Kong;22.279687, 114.156313
Tung Wah Eastern Hospital_Eye;5;hospital;Ophthalmology Clinic;So Kon Po, 銅鑼灣東院道19號;22.274688, 114.190313
Castle Peak Hospital;75;hospital;Government Hospital;15 Tsing Chung Koon Rd, Tuen Mun;22.409688, 113.973563
Hong Kong Sanatorium & Hospital Canteen;17;hospital;Restaurant;Happy Valley, 跑馬地山村道二號養和醫院李樹培院4樓;22.269312, 114.182938
Queen Mary Specialist Clinics;1;hospital;Health;Queen Mary Hospital Block S, Pok Fu, Lam Road, High West;22.270563, 114.130688
CUHK Medical Centre;3;hospital;Hospital;12 Chak Cheung St, Ma Liu Shui;22.413438, 114.210812
Union Hospital Polyclinic (Science Park);1;hospital;Medical Center;Sha Tin, Science Park W Ave, 12號地下S073舖;22.427062, 114.209688
Queen Mary Hospital - Emergency Room;9;hospital;Emergency Room;102 Pok Fu Lam Rd, High West;22.270687, 114.131312
Alice Ho Miu Ling Nethersole Hospital_Psychiatry;3;hospital;Psychiatric Hospital;Tai Po, 新界大埔全安路11號F座地下;22.458563, 114.174813
Pathology Building, Queen Mary Hospital;4;hospital;102 Pokfulam Road, Southern District, High West;74CJ+QG Hong Kong;22.271938, 114.131312
Nine Lives Cat Hospital;41;hospital;Animal Hospital;37 Aberdeen St, Central;22.282938, 114.151812
North District Hospital;73;hospital;Government Hospital;9 Po Kin Road, Sheung Shui;22.496688, 114.124688
Mui Wo Clinic;1;hospital;Medical Clinic;Mui Wo, 大嶼山梅窩銀鑛灣路2號地下及一樓;22.266063, 113.997937
Kwong Wah Hospital_Accident & Emergency Department;8;hospital;Emergency Room;25 Waterloo Rd, Yau Ma Tei;22.315437, 114.172563
Accident & Emergency Departments, Queen Elizabeth Hospital;8;hospital;Emergency Room;30號 Gascoigne Rd, King's Park;22.308188, 114.173688
Department of Surgery,CUHK;0;hospital;Hospital;Lui Che Woo Clinical Sciences Building (Professorial Block), 30-32 Ngan Shing St, Sha Tin;22.378938, 114.200938
Alice Ho Miu Ling Nethersole Hospital_Patient Resource Centres;0;hospital;Community Health Centre;Tai Po, Chuen On Rd, 11號雅麗氏何妙齡那打素醫院A座地下;22.458563, 114.174813
Sin Chi Ming Doctors_tsuen Wan;0;hospital;Hospital;Kwai Chung, 新界荃灣梨木樹邨梨木樹商場1樓120號舖康健綜合醫務中心;22.378313, 114.136563
7-Eleven - Queen Mary Hospital;2;hospital;Convenience Store;102 Pok Fu Lam Rd, High West;22.270812, 114.130938
香港大学深圳医院;25;hospital;Hospital;1 Haiyuan 1st Rd, Futian Qu, Shenzhen Shi, Guangdong Sheng, China;
Art in Hospital;0;hospital;Arts Organization;2 Harbour Rd, Wan Chai;22.280188, 114.170813
Kwok, Kwan Ho Doctors;3;hospital;Doctor;Happy Valley, 跑馬地山村道2號養和醫院中座5樓眼科部門;
VSH (Veterinary Specialty Hospital) Hong Kong 專科獸醫醫院;57;hospital;Animal Hospital;Lucky Centre, 1/F, Lucky Centre, 165-171 Rd, 號 樂 基 中心 1 樓 Lucky Centre, Wan Chai Rd, Wan Chai;22.276938, 114.177062
Varian Medical Systems Pacific Incorporated;1;hospital;Medical Group;Tsim Sha Tsui, Canton Rd, 25號港威大廈;22.299563, 114.167938
Alice Ho Miu Ling Nethersole Hospital_Eye;1;hospital;Ophthalmology Clinic;Tai Po, 新界大埔全安路11號;22.458187, 114.174813
Tung Wah Group of Hospitals Museum;1;hospital;Heritage Building;25 Waterloo Rd, Mong Kok;22.314938, 114.171938
Waste Recycling Point, Tung Wah Group of Hospitals - Yu Mak Yuen Integrated Services Centre;0;hospital;Level 5, Fu Yun House, Ancillary Facilities Block, Fu Cheong Estate, Sham Shui Po, Kln, Sham Shui Po;85G4+V3 Hong Kong;22.327187, 114.155188
Hospital Authority Building;23;hospital;Corporate Office;Ma Tau Wai, Argyle St, 147B號號;22.324312, 114.183187
Cheung Sha Wan Jockey Club Clinic;39;hospital;Medical Clinic;2號 Kwong Lee Rd, Cheung Sha Wan;22.340687, 114.158562
Kowloon Cat Hospital;43;hospital;Veterinarian;Prince Edward, 九龍砵蘭街430號利聯大廈地下;22.325812, 114.167562
The Society of Hospital Pharmacists of Hong Kong;1;hospital;Association or Organization;嘉昌商業中心;22.286938, 114.191938
Kwong Wah Hospital_Audiology;0;hospital;Hospital Department;Mong Kok, 九龍窩打老道25號;22.315437, 114.172563
Queen Mary Hospital Custodial Ward;0;hospital;Floor 9, Block J, Queen Mary Hospital 102 Pokfulam Road, Hong Kong, High West;74CJ+3G Hong Kong;22.270188, 114.131312
Hong Kong Baptist Hospital - Block D, Outpatients;2;hospital;Health;Beacon Hill, 聯合道322號;22.339187, 114.179938
貸易借財務有限公司;0;bank;Loan Agency;Mong Kok, Yin Chong St, 9號, Prosper Commercial Building, 2304室;22.316688, 114.172063
Bank of China (Hong Kong) Bonham Road Branch;1;bank;Bank;63 Bonham Rd, Sai Wan;
HSBC Building;359;bank;Bank;1 Queen's Road Central, Central;22.280313, 114.159562
Bank of China (Hong Kong) First Street Branch;3;bank;Bank;55 First St, Sai Ying Pun;22.286688, 114.142438
HSBC University of Hong Kong Branch;3;bank;Bank;Pok Fu Lam Rd, Shek Tong Tsui;22.282562, 114.138063
Hang Seng Bank - Kennedy Town Branch;3;bank;Bank;77 Belcher's St, Sai Wan;22.282938, 114.129313
HSBC Bonham Road Branch;1;bank;Bank;68 Bonham Rd, Sai Wan;22.284313, 114.142563
Tai Sang Bank;2;bank;Bank;130-132 Des Voeux Rd Central, Central;22.285188, 114.154688
DBS Bank - West Central Branch;5;bank;Bank;441 Queen's Rd W, Sai Ying Pun;
ATM (Bank of China);1;bank;ATM;63 Bonham Rd, Sai Wan;22.284313, 114.140688
招商永隆銀行 CMB Wing Lung Bank;0;bank;ATM;Sai Wan, 吉席街22號;
Wing Lung Bank ATM;1;bank;ATM;Sai Wan, 皇后大道西262號;22.286813, 114.142812
HSBC The Westwood Branch & HSBC Premier Centre;7;bank;Bank;8 Belcher's St, Sai Wan;22.285813, 114.133063
ICBC (Asia);2;bank;Bank;345 Des Voeux Rd W, Sai Ying Pun;22.287187, 114.137437
Standard Chartered Shek Tong Tsui Branch;5;bank;Bank;Shop 8-12, G/F, 455-485 Queen`s Road West, Shek Tong Tsui, Hong Kong, Shek Tong Tsui;22.286437, 114.134437
Public Bank Shek Tong Tsui Branch;2;bank;Bank;Sai Wan, 德輔道西369號;
ATM (Bank of China);4;bank;ATM;Lung Fu Shan;22.282938, 114.136563
Chong Hing Bank Sai Ying Pun Branch;1;bank;Bank;81-85 Des Voeux Rd W, Sheung Wan;22.287938, 114.145563
EFG Bank AG;0;bank;Bank;West Kowloon, 九龍柯士甸道西1號環球貿易廣場18樓及19樓1901, 1908室;22.303688, 114.160563
Bank of East Asia;1;bank;Bank;University Dr, Lung Fu Shan;22.283188, 114.134437
東亞銀行石塘咀分行;1;bank;Bank;Sun On Building, 484-496 Queen's Rd W, Shek Tong Tsui;22.285938, 114.135438
貸易借財務有限公司;0;bank;Loan Agency;Mong Kok, Yin Chong St, 9號, Prosper Commercial Building, 2304室;22.316688, 114.172063
星展銀行西環分行;2;bank;Bank;Sai Wan, 皇后大道西441號;22.286188, 114.135313
United Overseas Bank Limited;2;bank;Bank;Central, Garden Rd, 3號;22.278688, 114.161063
南洋商業銀行;1;bank;Bank;334 Des Voeux Rd W, Sai Wan;22.287062, 114.138188
Bank of China (Hong Kong) Shek Tong Tsui Branch;1;bank;Bank;534 Queen's Rd W, Sai Wan;22.286063, 114.134437
HSBC Des Voeux Road West Branch Premier Centre;2;bank;Bank;40-50 Des Voeux Rd W, Sheung Wan;22.287563, 114.146938
Dah Sing Bank Shek Tong Tsui Branch;2;bank;Bank;Shop 15-16, G/F, 443-453 Queen's Rd W, Shek Tong Tsui;22.286563, 114.135062
Public Bank (Hong Kong) Western Branch;1;bank;Bank;Kam Kwan Building, G/F, 2-3, Sai Wan;22.288063, 114.143437
恒生銀行 石塘咀自助理財中心;1;bank;Bank;363號 Des Voeux Rd W, Shek Tong Tsui;22.286938, 114.136438
Bank of Communications Kennedy Town Sub-Branch;1;bank;Bank;113-119 Belcher's St, Sai Wan;22.282687, 114.128063
Wing Lung Bank Western District Branch;2;bank;Bank;262 Queen's Rd W, Sai Wan;22.286813, 114.142937
Chiyu Bank Western Branch;1;bank;Bank;445 號 地下 13 號 舖, 443 Queen's Rd W, Sai Wan;22.286312, 114.135062
Hong Kong Office HSBC Business Centre;1;bank;Bank;Level 6, HSBC Main Building1 Queen’s Road Central, Central;22.280313, 114.159562
星展銀行德輔道中分行;3;bank;Bank;Central, 地庫、地下及 1 樓中環德輔道中39-41 號;22.283312, 114.157063
Chong Hing Bank;2;bank;Bank;347-349 Des Voeux Rd W, Sai Wan;22.287062, 114.136938
ATM (HSBC);0;bank;ATM;40-50 Des Voeux Rd W, Sheung Wan;22.287438, 114.146938
中國銀行（香港）西區分行;1;bank;Bank;Sai Wan, 德輔道西386～388;22.286813, 114.136938
Standard Chartered Bank, New Jade Gardens, Branch;1;bank;Bank;Chai Wan, New Jade Shopping Arcade145;22.282813, 114.145312
Dah Sing Bank Sheung Wan Branch;2;bank;Bank;1/f no, G f &, 288 Des Voeux Rd Central, Sheung Wan;22.286688, 114.151063
China Construction Bank (Asia) Sai Wan Branch;3;bank;Bank;489 Queen's Rd W, Sai Wan;22.286688, 114.133938
Public Bank;0;bank;Bank;Des Voeux Rd Central, Central;22.283938, 114.156438
貸易借財務有限公司;0;bank;Loan Agency;Mong Kok, Yin Chong St, 9號, Prosper Commercial Building, 2304室;
BEA ATM;0;bank;ATM;Lung Fu Shan;22.282687, 114.138938
創興銀行;2;bank;ATM;Sai Wan, 德輔道西347號;22.287062, 114.136688
Hang Seng Bank Sheung Wan Branch;5;bank;Bank;Sheung Wan, Shop 9-10Tung Ning Building251 Des Vouex Road Central;
中國工商銀行（亞洲）西環分行;0;bank;Bank;Sai Wan, 皇后大道西242號;22.286813, 114.143188
Bank of China (Hong Kong) Kennedy Town Branch;7;bank;Bank;Sai Wan, 吉席街2號;22.283563, 114.129438
Bank of East Asia Bonham Road Branch;3;bank;Bank;Ka Fu Building, 19-27 Bonham Rd, Sai Wan;22.284563, 114.142438
Nanyang Commercial Bank Head Office;3;bank;Bank;151 Des Voeux Rd Central, Central;22.285562, 114.154688
Citic Bank International Queen's Road West Branch;1;bank;Bank;488 Queen's Rd W, Sai Wan;22.285938, 114.135562
Jetco - Bank of East Asia the University of Hong Kong Branch;0;bank;ATM;Lung Fu Shan;22.282813, 114.139063
Bank of China (Hong Kong) Gilman Street Branch;4;bank;Bank;Central, 德輔道中136號;22.285313, 114.154688
Bank of Hawaii;1;bank;Bank;Sheung Wan, 無限極廣場;22.286563, 114.153687
Bank of America Merrill Lynch;3;bank;Financial Consultant;Cheung Kong Centre, 2 Queen's Road Central, Central;22.279562, 114.160563
Hang Seng Bank - Central Prestige Banking Centre;4;bank;Bank;B/F Loke Yew Building, 50-52 Queen's Road Central, Central;22.282188, 114.156062
Bank of Communications Western District Sub-Branch;3;bank;Bank;327-331, Queen's Rd W, Sai Ying Pun;22.287062, 114.141562
星展銀行總行;0;bank;Bank;The Center, 99 Queen's Road Central, Central;22.284438, 114.154688
中國工商銀行(亞洲)西環個人理財中心;0;bank;Bank;地下2號舖, 345 - 345A Des Voeux Rd Central, Sai Wan;22.287187, 114.137313
Wing Lung Bank;2;bank;Bank;Des Voeux Rd Central, Central;22.286063, 114.153687
中國銀行（香港）（錦華大廈西）;1;bank;ATM;Sai Wan, 德輔道西386～388;22.286813, 114.136938
Dah Sing Bank Admiralty Centre Branch;0;bank;Bank;Shop No. 10, 1st Floor of the Podium, Admiralty Centre, No. 18 Harcourt Road Admiralty, Admiralty;22.279562, 114.164938
華僑永亨銀行西區分行;0;bank;Bank;139-141 Des Voeux Rd W, Sai Wan;22.287938, 114.144188
貸易借財務有限公司;0;bank;Loan Agency;Mong Kok, Yin Chong St, 9號, Prosper Commercial Building, 2304室;22.316688, 114.172063
大新銀行石塘咀分行;0;bank;ATM;Sai Wan;22.286188, 114.135062
